param,prob
abortion_prob,0.0010235414534
twins_prob,0.0145530145530